{"spellcheck_score": {"PyPDF4_ocr": 0.6732673267326733, "extract_text": 0.5841584158415841, "pdfminer_ocr": 0.6534653465346535, "pytesseract_ocr": 0.6336633663366337, "tika_ocr": 0.7029702970297029}}