{"spellcheck_score": {"PyPDF4_ocr": 0.6831683168316832, "extract_text": 0.6237623762376238, "pdfminer_ocr": 0.6039603960396039, "pytesseract_ocr": 0.6336633663366337, "tika_ocr": 0.6633663366336634}}