{"spellcheck_score": {"PyPDF4_ocr": 0.7029702970297029, "extract_text": 0.7227722772277227, "pdfminer_ocr": 0.7227722772277227, "pytesseract_ocr": 0.6534653465346535, "tika_ocr": 0.7425742574257426}}